OBJECTID,Title,Artist,Avg. Lat,Avg. Long,NUM STATIONS,Station 1,Station 1 Dist ,Station 2,Station 2 Dist ,Station 3,Station 3 Dist ,Station 4,Station 4 Dist ,Station 5,Station 5 Dist ,Station 6,Station 6 Dist ,Station 7,Station 7 Dist ,Station 8,Station 8 Dist ,Station 9,Station 9 Dist ,Station 10,Station 10 Dist 
0,Chinatown Heritage,"Wen-ti Tsen, Yuon Zuo",42.35169668,-71.06057106,10,Nan Xiang Express,0.019029980464256885,Jibei Chuan,0.021846474916135613,Five Spices House,0.026088280187566083,Avana Market Place,0.032950330514313904,Friendship BBQ,0.032950330514313904,WTEA,0.03364183307041875,Dumpling King,0.03669668069436438,TAIWAN CAFE,0.03925114026178999,ASIAN GARDEN RESTAURANT INC.,0.04812469309959213,Ten Second Noodles,0.048324674422715
1,Untitled,"Vyal ""Vyal One"" Reyes",42.34502383,-71.06052906,10,AC Hotel by Marriot,0.11793528585318265,Capital One Cafe,0.1903486235946167,PLNT Burger,0.1903486235946167,WHOLE FOODS MARKET,0.1903486235946167,Bar Mezzana,0.22940040797220038,Fuji at Ink Block,0.2325655555992199,Yellow Door Taqueria,0.2325655555992199,Sweetgreen,0.23297392105899614,Cuppa Coffee,0.2344675028574048,Baleia,0.23529102193094503
2,Don’t Let Me Be Misunderstood,"Victor ""Marka27"" Quiñonez, Rob ""ProBlak"" Gibbs",42.34502383,-71.06052906,10,AC Hotel by Marriot,0.11793528585318265,Capital One Cafe,0.1903486235946167,PLNT Burger,0.1903486235946167,WHOLE FOODS MARKET,0.1903486235946167,Bar Mezzana,0.22940040797220038,Fuji at Ink Block,0.2325655555992199,Yellow Door Taqueria,0.2325655555992199,Sweetgreen,0.23297392105899614,Cuppa Coffee,0.2344675028574048,Baleia,0.23529102193094503
3,Untitled (Tobin School),"Victor ""Marka27"" Quiñonez, David ""Don Rimx"" Sepulveda",42.33310247,-71.0983383,10,CHACHO'S PIZZA,0.13727489931365103,Milkweed,0.14383473375783926,Chilacates,0.1525210599174476,Tavern of Tales,0.1525210599174476,Green Haus Cafe,0.15418230161330812,MIKES DONUTS,0.1625262338967958,Lilly Gourmet Pasta Express,0.16704076268414528,Nachlo,0.1850810194757398,A K's Take Out & Delivery,0.21545607419154889,Cilantro Latin Kitchen,0.25159543387648287
4,Souledad,"Victor ""Marka27"" Quiñonez",42.33754241,-71.0761246,10,Yunnan Kitchen,0.06693727201092649,TORO,0.07025643725143967,Jaho Coffee & Tea,0.0709698521469434,MIKE'S CITY DINER,0.07472826808545129,Dunkin Donuts,0.11207462777273475,El Centro,0.11599279948940727,Code 10 Restaurant Cafe,0.12466930352214124,FLOUR BAKERY & CAFE,0.13418838672127492,ORINOCO:A LATIN KITCHEN,0.15179402874155945,Anoush Ella,0.23751533729951324
5,Back to the Essence,"Victor ""Marka27"" Quiñonez",42.32726349,-71.06971566,6,Suffolk Construction,0.1251292635936107,Liberty Diner,0.14581118247668282,Casa Bonita Mexican Grill,0.17212983780413882,Victoria's Diner,0.24042186400927062,Brazilian Taste Kitchen-K119,0.28738586290709606,960 Cafe,0.2877743639412334,Bellas Rockin Burgers - Kitchen 120,0.31147355710392527,Ben's Fast Food-Kitchen 117,0.31147355710392527,Hen Chicken Rice-Kitchen 122,0.31147355710392527,Issa Onigiri-Kitchen 125,0.31147355710392527
6,Love Thyself,"Victor ""Marka27"" Quiñonez",42.31302899,-71.07515123,4,Eat Well Meal Kits,0.10160522658355359,House Of Seven Cafe,0.10160522658355359,La Pheegan Chef,0.10160522658355359,Rootaste,0.10160522658355359,Future Chefs,0.36814770151522186,Cool Shade Restaurant,0.5050402530104962,Caramelo Bakery Cafe,0.5065763521919331,Navarrete Restaurant,0.5891160901110434,La Familia Kitchen,0.62459399536016,FLAMES RESTAURANT III  INC.,0.666912018691216
7,Cranes In The Sky,"Victor ""Marka27"" Quiñonez",42.34502383,-71.06052906,10,AC Hotel by Marriot,0.11793528585318265,Capital One Cafe,0.1903486235946167,PLNT Burger,0.1903486235946167,WHOLE FOODS MARKET,0.1903486235946167,Bar Mezzana,0.22940040797220038,Fuji at Ink Block,0.2325655555992199,Yellow Door Taqueria,0.2325655555992199,Sweetgreen,0.23297392105899614,Cuppa Coffee,0.2344675028574048,Baleia,0.23529102193094503
8,Untitled,Upendo Taylor,42.34502383,-71.06052906,10,AC Hotel by Marriot,0.11793528585318265,Capital One Cafe,0.1903486235946167,PLNT Burger,0.1903486235946167,WHOLE FOODS MARKET,0.1903486235946167,Bar Mezzana,0.22940040797220038,Fuji at Ink Block,0.2325655555992199,Yellow Door Taqueria,0.2325655555992199,Sweetgreen,0.23297392105899614,Cuppa Coffee,0.2344675028574048,Baleia,0.23529102193094503
9,Black Love,"Tony ""PRONZY"" Perez",42.33204691,-71.08996914,2,QUALITY EATS,0.24034145761738973,Reggie Lewis Track and Athletic Center,0.25870726853516873,Ascia Foods,0.3079313180475041,Northeastern University/Cafe Crossing,0.33700478911450193,Northeastern Univ./International Village,0.357025792566838,Anshur Restauruant,0.4006561764945881,Dunkin' Donuts,0.415300887128448,Fasika Cafe,0.4533136517580488,Cilantro Latin Kitchen,0.4784231797832926,Dunkin Donuts,0.4909920097162262
10,Sunrise Over Albany Street,Timothy McCool,42.33400657,-71.0727591,10,DUNKIN' DONUTS #0311,0.09973286079604488,Yawkey Cafe,0.1397326680627208,Boston Medical Center,0.14161978767026,Boston Medical Center (Shapiro Bldg.),0.14161978767026,Dona Habana Restaurant,0.14743854631327832,HAMPTON INN & SUITES BOSTON,0.14743854631327832,New England Center For Arts & Technology,0.20229848765064526,Blunch,0.22755283970728302,CAFE QUATTRO,0.2303492328613884,DUNKIN DONUTS',0.23206672720117313
11,Nevertheless,Thy Doan,42.34502383,-71.06052906,10,AC Hotel by Marriot,0.11793528585318265,Capital One Cafe,0.1903486235946167,PLNT Burger,0.1903486235946167,WHOLE FOODS MARKET,0.1903486235946167,Bar Mezzana,0.22940040797220038,Fuji at Ink Block,0.2325655555992199,Yellow Door Taqueria,0.2325655555992199,Sweetgreen,0.23297392105899614,Cuppa Coffee,0.2344675028574048,Baleia,0.23529102193094503
12,Community Mural,South Boston en Acción,42.33047595,-71.04902381,1,SEAPOINT RESTAURANT,0.23282220365767733,On the Edge Nutrition,0.3197327565856758,ALFREDO'S ITALIAN KITCHEN,0.32493037709868333,Telegraph Hill Tavern,0.35312440253027294,Fresh Boston,0.4069971607080317,Molly's Beachside,0.4762833474362102,Fat Baby Sushi,0.5571107856411813,Hunter's,0.576539997495177,PERKIN'S SQ DELI,0.5870001626256588,BROADWAY'S BEST PIZZA,0.6034463377841044
13,Untitled,"Soraya ""Indie184"" Marquez",42.34502383,-71.06052906,10,AC Hotel by Marriot,0.11793528585318265,Capital One Cafe,0.1903486235946167,PLNT Burger,0.1903486235946167,WHOLE FOODS MARKET,0.1903486235946167,Bar Mezzana,0.22940040797220038,Fuji at Ink Block,0.2325655555992199,Yellow Door Taqueria,0.2325655555992199,Sweetgreen,0.23297392105899614,Cuppa Coffee,0.2344675028574048,Baleia,0.23529102193094503
14,Rising Tides,Sophy Tuttle,42.368427,-71.038637,10,Burger King,0.07259754638606776,Hong Kong Harbor,0.07280167268262192,Dunkin' Donuts,0.07718920612476615,EDDIE C'S,0.09835756174274667,Cunard Tavern,0.12241746022986992,TACO MEX,0.139767850911408,La Pinata,0.15465464814888702,Deparma,0.17400077443902653,154 Station,0.17492191263716175,LA SULTANA BAKERY,0.19159588801407124
15,Whale Song,Sophy Tuttle,42.27521958,-71.08241346,0,Dunkin Donuts (895 Morton St.),0.5970658978052642,Pelloma Nigerian Cuisine,0.6087991022228855,Bitez,0.6138686035164598,MORTON'S PIZZERIA,0.643278954888601,CHINATOWN EXPRESS,0.8124219498147609,RIVER STREET GRILL,0.8295432711299899,Safari African Restaurant,0.939449523793452,Domino's Pizza,0.9487521965144478,Top of The Hill,0.9705795197542396,Cafe Juice Up,0.9770576982249021
16,Interconnected,Sophy Tuttle,42.36377259,-71.12582412,3,SEC Cafe / Kitchen,0.09189724186543398,At Union,0.17919110191605628,Swiss Bakers,0.23697874504355035,Sloane's,0.3193847821531271,MORGAN HALL COFFEE CART,0.3346544616918066,Spangler Student Center Coffee Bar,0.3346544616918066,HARVARD BUS./BAKER FACULTY,0.38756785380667197,HARVARD BUS./ALDRICH HALL,0.3896968828691344,Starbucks Coffee,0.41093086098832105,SPANGLER STUDENT CENTER,0.4110429689037477
17,Untitled (City Hall),Sophia Ainslie,42.36049318,-71.05760676,10,Recreo Coffee,0.04839036869885317,Zaz Restaurant & Catering Corp.,0.04839036869885317,Koy,0.08038660197180061,The White Bull,0.08038660197180061,Alma Cantina,0.0818013892683634,Loyal Nine,0.08576123515590112,HENNESSY'S OF BOSTON,0.09241546478205018,Saus Boston,0.10138131914649498,UNION OYSTER HOUSE,0.10504310669160531,DUNKIN DONUTS',0.10611566087319618
18,Protect What You Love,"Sneha ""IMAGINE"" Shrestha",42.36424863,-71.03315954,1,Seabiscuit,0.05025275286311718,The Quiet Few,0.3936993832335971,Santa Fe Burrito Grill,0.4568853073207689,Dunkin Donuts,0.47558677333374993,Logan Food Market,0.5227734012389667,Starbucks,0.5227734012389667,Cunard Tavern,0.5781708649631118,Bruins Bar,0.6216145443782686,Dunkin (store 1916),0.6216145443782686,Hudson Coffee Terminal E Food Court,0.6216145443782686
19,Surya,"Sneha ""IMAGINE"" Shrestha",42.34502383,-71.06052906,10,AC Hotel by Marriot,0.11793528585318265,Capital One Cafe,0.1903486235946167,PLNT Burger,0.1903486235946167,WHOLE FOODS MARKET,0.1903486235946167,Bar Mezzana,0.22940040797220038,Fuji at Ink Block,0.2325655555992199,Yellow Door Taqueria,0.2325655555992199,Sweetgreen,0.23297392105899614,Cuppa Coffee,0.2344675028574048,Baleia,0.23529102193094503
20,Rise,Silvia López Chavez,42.36424863,-71.03315954,1,Seabiscuit,0.05025275286311718,The Quiet Few,0.3936993832335971,Santa Fe Burrito Grill,0.4568853073207689,Dunkin Donuts,0.47558677333374993,Logan Food Market,0.5227734012389667,Starbucks,0.5227734012389667,Cunard Tavern,0.5781708649631118,Bruins Bar,0.6216145443782686,Dunkin (store 1916),0.6216145443782686,Hudson Coffee Terminal E Food Court,0.6216145443782686
21,Up and Under,Silvia López Chavez,42.34502383,-71.06052906,10,AC Hotel by Marriot,0.11793528585318265,Capital One Cafe,0.1903486235946167,PLNT Burger,0.1903486235946167,WHOLE FOODS MARKET,0.1903486235946167,Bar Mezzana,0.22940040797220038,Fuji at Ink Block,0.2325655555992199,Yellow Door Taqueria,0.2325655555992199,Sweetgreen,0.23297392105899614,Cuppa Coffee,0.2344675028574048,Baleia,0.23529102193094503
22,Caffe Ducali,Silvia López Chavez,42.36761173,-71.05797185,10,Ducali Pizzeria & Bar,0.06297624138274927,FILIPPO'S,0.07411525513187608,Massiminos Cucina,0.11491665279577638,Night Shift Brewing,0.11684640352349251,Alcove,0.18579530835344832,Bean & Leaf Cafe,0.2056205419469909,Tony & Elaine's,0.2258993388176064,Ward 8,0.25129959516025474,A & B Burgers,0.25603602288789223,Poke By Love Art,0.25603602288789223
23,JOY,Silvia López Chavez,42.33730319,-71.08944273,10,Dunkin Donuts,0.07026653122309214,Ruggles Pizza and Cafe,0.09331786164614275,NORTHEASTERN UNIV. RYDER HALL,0.14279150174825112,Chartwells Churchill Cafe,0.1700875527312348,Northeastern University Faculty Club,0.17237542096189634,Northeastern University-Snell Library,0.1751843265096414,Fuel America,0.21611488082731833,Dunkin' Donuts,0.22097997152794996,Northeastern Univ./International Village,0.23688467951838119,Northeastern University/Cafe Crossing,0.26019280411493023
24,999 Cranes,Silvia López Chavez,42.33599758,-71.09058062,8,NORTHEASTERN UNIV. RYDER HALL,0.07435864440632671,Ruggles Pizza and Cafe,0.12799069398332114,Northeastern Univ./International Village,0.15410819727168365,Northeastern University/Cafe Crossing,0.17412631236806186,Dunkin Donuts,0.17810312051515162,Dunkin' Donuts,0.20341560565882716,QUALITY EATS,0.21084716718807328,Northeastern University Faculty Club,0.28304365054403646,UNIVERSITY HOUSE OF PIZZA,0.33844820735977504,Chartwells Churchill Cafe,0.33893430205917147
25,Patterned Behavior,Silvia López Chavez,42.35178809,-71.09275276,1,Cafe Sauvage,0.2978309608273142,Nagomi,0.32040227746676303,Baanga,0.3258062986342463,The Corner Tavern,0.32865046593941777,Cornwall's,0.34393715169309674,Asta,0.3607410854347637,Bab AlYemen,0.3646988923934349,Cafe 472,0.36759748522359215,The Kenmore,0.3720099310660778,India Quality,0.3805730984159663
26,Rainbow Swag,Sharif Muhammad,42.30590172,-71.10985458,4,Third Cliff Bakery,0.09739980347204713,JP Kitchen,0.16542134510784862,Midway Cafe,0.19978300447548855,Yanes Burrito's,0.20421751439452981,JEANIE JOHNSTON PUB,0.3900869764488124,Little Cocoa Bean Co,0.402226970895031,Italian Pizza & Sub Express,0.42864803082647174,MIKES DONUT SHOP,0.46128381919714817,Juicy Greens,0.525907381948836,Monumental Market,0.5320600857878559
27,Untitled (Madison Park),"Rob ""Problak"" Gibbs, Genaro ""GoFive"" Ortega, James ""Ras Terms"" Monk, Sneha ""IMAGINE"" Shrestha",42.33204691,-71.08996914,2,QUALITY EATS,0.24034145761738973,Reggie Lewis Track and Athletic Center,0.25870726853516873,Ascia Foods,0.3079313180475041,Northeastern University/Cafe Crossing,0.33700478911450193,Northeastern Univ./International Village,0.357025792566838,Anshur Restauruant,0.4006561764945881,Dunkin' Donuts,0.415300887128448,Fasika Cafe,0.4533136517580488,Cilantro Latin Kitchen,0.4784231797832926,Dunkin Donuts,0.4909920097162262
28,Roxbury Love Story,"Rob ""Problak"" Gibbs, Genaro ""GoFive"" Ortega ",42.33393501,-71.08188804,2,Residence Inn,0.08721420355053369,Pizzatalia,0.19098113903216699,Dahlak Restaurant,0.38775938044932395,Khadija's  Express Cafe,0.38775938044932395,Bakalao Kitchenette  Inc.,0.38893865706310726,Slade's Bar & Grill,0.39590567314036507,Subway,0.4297841290441152,ALI ROTI RESTAURANT,0.4321182434757257,Bangkok Pinto,0.43447034022383074,Dudley Cafe,0.4462306758454855
29,Breathe Life 2,"Rob ""Problak"" Gibbs",42.33204691,-71.08996914,2,QUALITY EATS,0.24034145761738973,Reggie Lewis Track and Athletic Center,0.25870726853516873,Ascia Foods,0.3079313180475041,Northeastern University/Cafe Crossing,0.33700478911450193,Northeastern Univ./International Village,0.357025792566838,Anshur Restauruant,0.4006561764945881,Dunkin' Donuts,0.415300887128448,Fasika Cafe,0.4533136517580488,Cilantro Latin Kitchen,0.4784231797832926,Dunkin Donuts,0.4909920097162262
30,Breathe Life 3,"Rob ""Problak"" Gibbs",42.33858156,-71.08159563,10,MIDA Restaurant,0.10025051849173225,Ilona,0.11451641927634165,Darryl's Corner Bar and Kitchen,0.1456639279320703,Jugos,0.15303789656343358,South End Pizza & Grill,0.1784109466638564,Slade's Bar & Grill,0.2220526037809159,New York Sub Shop,0.22496785684365667,WALLY'S,0.23997750189600262,DUNKIN DONUTS/SCNVANOS,0.2548766825751872,SRV,0.2558741178886103
31,Afro Futurism / Breathe Life 1,"Rob ""Problak"" Gibbs",42.31348792,-71.07948086,3,Future Chefs,0.07493755328591985,Caramelo Bakery Cafe,0.23015884200024528,Cool Shade Restaurant,0.2646293295131022,FLAMES RESTAURANT III  INC.,0.45202367459116216,Eat Well Meal Kits,0.4608240934600899,House Of Seven Cafe,0.4608240934600899,La Pheegan Chef,0.4608240934600899,Rootaste,0.4608240934600899,New York Fried Chicken,0.4881814554493845,Love Health,0.48835331946504007
32,In Our Home,Rixy Fernandez,42.30011725,-71.06037463,10,Cibao Restaurant,0.021206250568600347,Coco Leaf,0.035217437572696096,Golden Chef,0.0595050192596613,Gong Cha,0.08471986224918876,Antonio's Hi-Fi,0.0925096888014262,THE BLARNEY STONE,0.09273409922342311,Dot Cafe,0.09899812820941428,Just Thai,0.11091543091721977,IRIE JAMAICAN STYLE RESTAURANT,0.1266964883047561,Home Stead,0.1292029349423819
33,Rita's Spotlight,Rixy,42.35330934,-71.13801779,10,TWIN DONUTS,0.02367877029010257,DUNKIN DONUTS (ALLSTON),0.03923523725035139,MODEL CAFE,0.05995637426091239,GRASSHOPPER VEGETARIAN,0.06847411958471326,Teamoji,0.06847411958471326,Roxys Grilled Cheese,0.07855728523614064,KFC,0.08063937642793954,Turkish Lazuri Cafe,0.08328024641514445,Coffee Turco,0.09417059784945529,La Be Fana Pizzeria,0.10873889995849612
34,Rules of Engagement,"Ricardo ""Deme5"" Gomez",42.32848773,-71.08882986,1,Dunkin Donuts,0.16437399899709385,Fasika Cafe,0.3090958931947699,Silver Slipper,0.3183411804652808,Arizona B B Q,0.3732125079235542,Dunkin' Donuts,0.3732125079235542,Royal Fried Chicken,0.37503601337112064,Yummy Yummy,0.37503601337112064,Joe's Famous Subs & Pizza,0.42548073214185234,Shanti Express,0.43686242394118563,YAWKEY CLUB OF ROXBURY,0.4554364302752041
35,Pimentel Market Mural,"Ricardo ""Deme5"" Gomez",42.32257307,-71.10652776,10,RIZZO'S PIZZA,0.019842425625166214,ALEX'S CHIMIS,0.08957538555771022,Pikalo J.P.,0.10639431660109183,Top Mix Bar & Kitchen,0.14357298077905506,Nicole's Jamaican Plain,0.16944936518766404,Ethiopian Cafe,0.21560332491140993,Dunkin Donuts,0.22391388998890246,Tori Japan,0.22391388998890246,MIAMI RESTAURANT,0.22766124192426282,Across The Border & Vegan and Vegetarian,0.2344132173625475
36,Where We Belong 歸屬 歸宿,Ponnapa Prakkamakul with Asian CDC's A-VOYCE youth program,42.3524995,-71.06061049,10,Food Opera,0.030522555256605792,ASIAN GARDEN RESTAURANT INC.,0.06888457152687721,New Moon Villa Restaurant,0.0793359695832723,Kaze Shabu Shabu,0.08163637913091511,Avana Market Place,0.09743237690272667,Friendship BBQ,0.09743237690272667,Hyatt Regency Boston,0.0995742492084909,Dumpling King,0.10492664309102188,Nan Xiang Express,0.10704670719721861,Jibei Chuan,0.10709192758760427
37,Faces of Allston,Pete Cosmos,42.36427571,-71.13272369,4,WBZ Cafe,0.0839449939778642,Starbucks Coffee,0.19182176823787037,Dunkin Donuts (209 North Harvard St.),0.25094348979126946,Sloane's,0.2606790074548157,Spring Shabu-Shabu,0.320143376614487,Swiss Bakers,0.37447669770915126,At Union,0.3990606288195629,Ariana Restaurant,0.4928768013148039,Mcdonalds,0.4928768013148039,Perillas Food,0.4928768013148039
38,Holy Mackerel,Percy Fortini-Wright,42.34502383,-71.06052906,10,AC Hotel by Marriot,0.11793528585318265,Capital One Cafe,0.1903486235946167,PLNT Burger,0.1903486235946167,WHOLE FOODS MARKET,0.1903486235946167,Bar Mezzana,0.22940040797220038,Fuji at Ink Block,0.2325655555992199,Yellow Door Taqueria,0.2325655555992199,Sweetgreen,0.23297392105899614,Cuppa Coffee,0.2344675028574048,Baleia,0.23529102193094503
39,No Strings Detached,Paul Goodnight and Larry Pierce,42.31267606,-71.08039451,3,Caramelo Bakery Cafe,0.11372172745630846,Cool Shade Restaurant,0.15414904013500844,Future Chefs,0.18551000606766935,FLAMES RESTAURANT III  INC.,0.3379417478624451,New York Fried Chicken,0.3740976846129919,Love Health,0.37416207402000573,DUNKIN DONUTS BLUE HILL AVE,0.3885501376663819,Food For The Soul,0.3899303297730073,Yaz's House Of Pizza,0.3899303297730073,Eat Well Meal Kits,0.5355617294170385
40,Augment,Nick Cave,42.31642831,-71.06565859,10,Uphams House of Pizza,0.04233216209114387,Singhs Roti,0.04631755295775147,Boston Pizza & Grill,0.06786272675901404,DUBLIN HOUSE,0.07481315047750098,CANTON HOUSE,0.08728234700792577,NEW YORK FRIED CHICKEN & PIZZA,0.12131456019861815,Comfort Kitchen,0.17634278507061432,New Ho Toy,0.18573624698175162,Picalonga Restaurant,0.18867342169258414,Oasis Restaurant,0.22923502943894353
41,Roxbury Rhapsody,Napoleon Jones-Henderson,42.33027871,-71.08384126,10,Dudley Cafe,0.02130537506469122,Royal Fried Chicken,0.11275713822165181,Yummy Yummy,0.11275713822165181,Arizona B B Q,0.11315536412992591,Dunkin' Donuts,0.11315536412992591,Shanti Express,0.13481882197635445,Joe's Famous Subs & Pizza,0.13855733739019044,Fasika Cafe,0.14768202905325067,Dahlak Restaurant,0.15032383111637834,Khadija's  Express Cafe,0.15032383111637834
42,Together,Mz. Icar,42.33242602,-71.06918002,4,Mcdonalds,0.13944758370592814,New England Center For Arts & Technology,0.1413801954016369,New Market Pizza & Grill,0.1564981055079806,960 Cafe,0.2935238945109229,New Market Sq. Cafe,0.3021320520825324,Dona Habana Restaurant,0.3097634503110954,HAMPTON INN & SUITES BOSTON,0.3097634503110954,DUNKIN DONUTS',0.3771182902976081,DUNKIN' DONUTS #0311,0.4372699589312338,The Shames Cafe,0.4397852579291741
43,Youth Lead the Change: Rise Up from Your Roots,Mel Mandel,42.2897688,-71.08352056,0,Fresh Food Generation,0.4505640568740411,Restaurant Y Cafeteria Los Nietos,0.4616978809594215,CARVER DEN,0.46528136502297884,Top Griyo Restaurant,0.47375391904354797,Boston Fried Chicken,0.4782922339967034,ONLY ONE JAMAICAN RESTAURANT,0.4973214412600956,Stalex Pizza,0.5197173036643692,Nu Flav Restaurant,0.6344443592218683,SUN PIZZA.,0.6753968581255003,Greek Pizza Restaurant,0.7572466570174511
44,Black Inventors,"Mayor's Mural Crew, Thomas Burns",42.30907628,-71.08060932,9,DUNKIN DONUTS BLUE HILL AVE,0.1233451351029576,New York Fried Chicken,0.14651976682058657,Love Health,0.14816932625896206,FLAMES RESTAURANT III  INC.,0.14934951931981702,Food For The Soul,0.212489472931098,Yaz's House Of Pizza,0.212489472931098,SUN PIZZA,0.2484842771994233,Cool Shade Restaurant,0.25065214431476923,Don Tequeno Y Dona Arepa,0.2602883237022736,Caramelo Bakery Cafe,0.3025736895167807
45,Sports Heros,"Mayor's Mural Crew, Marshall Dackert",42.278621,-71.163887,3,AFC Sushi @Star Market #3577,0.04934270395955105,NexDine @ Catholic Memorial High School,0.22273369748036964,PARKWAY LITTLE LEAGUE STAND,0.28545223039079143,Dunkin' Donuts(C.A. Donuts),0.33797677092357237,Johnny's Takeaway,0.3992312513191865,Tony's Place,0.40141598029703496,Pu Pu Restaurant,0.48010091862079834,Anna Hand Cut Donuts,0.4945593068439202,Deno's Pizza and Subs,0.5195103828159867,CORRIB PUB AND RESTAURANT,0.5425616793441226
46,Little Saigon / Viet Dorchester,"Mayor's Mural Crew, Jon Tran",42.30218181,-71.06007637,10,PHO 2000,0.008953376144704137,D'BENNY'S SUBS,0.021130888449759192,Thai Oishi,0.03525179616894541,Saigon Chicken House,0.07823452445016321,In/Out Mama's Kitchen,0.11210359159599062,Home Stead,0.11413472297723219,IRIE JAMAICAN STYLE RESTAURANT,0.11668842001767755,Dot Cafe,0.1327841241000564,Gong Cha,0.1620532223343036,Pho Hoa restaurant/Drink Lab,0.22270420069077526
47,"Nieli’Ka (Ojo de Dios, or Eye of God)","Mayor's Mural Crew, Heidi Schork, Tom Wiklund",42.312218,-71.113946,10,PURPLE CACTUS,0.008717164230308,SAME OLD PLACE INC.,0.043797092704250425,Tonino,0.04870882491631872,Chilacates,0.05919610970127061,Sweet Rice,0.06773300691957149,Galway House,0.07464345011169637,J.P. LICKS INC.,0.08193946947820001,Flavor Boom,0.0950454096712933,Noodle Barn,0.10527706670804131,Casa Verde,0.1107158504426144
48,Know Your History,"Mayor's Mural Crew, Heidi Schork",42.26886886,-71.09439967,10,Dunkin Donuts,0.0390489263532049,Mattapan House of Pizza,0.05123958752549113,Kwench Juice Cafe,0.08224057267673353,Jamaica's Best Restaurant ,0.0864616152306084,Brother Deli Restaurant,0.1091721364932938,Vegas Restaurant,0.12889650917879691,Mello Vibez Restaurant,0.13360172776540666,MACUMBA LATINA,0.1341723970913687,Burger King,0.1357487252236447,Kuizinn Lakay Plus,0.16736015451772315
49,"Melnea Cass, Frieda Garcia, Judy Norsigian and Kip Tiernan",Mayor's Mural Crew and Heidi Schork,42.33299559,-71.07872722,2,Residence Inn,0.1982795067669947,NEW CHINA RESTAURANT,0.26811018863264063,Pizzatalia,0.30419672971325123,Pizza Stop,0.3177896449241617,Gifu,0.34096624003954884,Dahlak Restaurant,0.39291097233687533,Khadija's  Express Cafe,0.39291097233687533,Yawkey Cafe,0.42152658032279866,DUNKIN DONUTS',0.4254545672506063,Blunch,0.42691990770077565
50,Nature Walk / Flora and Fauna,Mayor's Mural Crew and Heidi Schork,42.28673275,-71.10796693,3,Frosty Freeze,0.11258643513568319,WENDY'S PROPERTIES,0.11258643513568319,Kentucky Fried Chicken,0.27253904002417234,Popeyes,0.5051046861866247,DUNKIN',0.5119949932817989,Mcdonalds,0.6084181548407249,Perla Del Sur Quintanilla,0.902543779469696,Mangu Dominican Bistro,1.016064297100631,La Lechonera Restaurant,1.1030520244259547,Nicholas Sub & Pizza Shop,1.1544478314194238
51,Frederick Douglass Square Mural,Mayor's Mural Crew and Heidi Schork,42.337186,-71.08375,9,Slade's Bar & Grill,0.013680317980238865,Subway,0.05514492811668805,Bakalao Kitchenette  Inc.,0.07807107982537893,NORTHEASTERN UNIV-716 COLUMBUS,0.1282235182384276,Northeastern University Faculty Club,0.1282235182384276,The Underground Cafe & Lounge,0.1549930914059141,ALI ROTI RESTAURANT,0.16564638827205394,Bangkok Pinto,0.17716086649249474,Fuel America,0.26285258982532295,Northeastern University Faculty Club,0.301993943845181
52,History of Fort Hill II,Mayor's Mural Crew and Gregg Bernstein,42.32737285,-71.09654547,1,Roxbury Community College Cafe,0.22510075979815805,Anshur Restauruant,0.38473257361163715,Butterfly Coffee,0.45005674255646283,Ascia Foods,0.4714716340501228,A K's Take Out & Delivery,0.49846730564661573,Cilantro Latin Kitchen,0.5045848016452227,Nachlo,0.509738538207784,Chilacates,0.5173732534690247,Tavern of Tales,0.5173732534690247,Jamaica Mi Hungry,0.5190756055245278
53,"For Giving, For Getting",Matthew Zaremba,42.34502383,-71.06052906,10,AC Hotel by Marriot,0.11793528585318265,Capital One Cafe,0.1903486235946167,PLNT Burger,0.1903486235946167,WHOLE FOODS MARKET,0.1903486235946167,Bar Mezzana,0.22940040797220038,Fuji at Ink Block,0.2325655555992199,Yellow Door Taqueria,0.2325655555992199,Sweetgreen,0.23297392105899614,Cuppa Coffee,0.2344675028574048,Baleia,0.23529102193094503
54,Hard in the Paint,Maria Molteni,42.29225207,-71.08020438,1,Fresh Food Generation,0.09480541094457812,CARVER DEN,0.3455088548433404,Yo Momma,0.4662719863672147,Stalex Pizza,0.5335586384652734,ONLY ONE JAMAICAN RESTAURANT,0.5806417841754532,SUN PIZZA.,0.6809303560328132,Taste of Eden,0.6949927216088387,Essential Herb & Juice Cafe,0.6970926573683905,BILLY'S TEXAS B.B.Q.,0.7125006554295238,China Station Restaurant,0.7125006554295238
55,Boston Strong,Marcelo Ment,42.29151678,-71.06257495,4,Via Cannuccia,0.06359768734910899,CHARLIE'S HOUSE OF PIZZA,0.09157065020072662,DIMITRIOS HOUSE OF PIZZA,0.1453700007430212,El Barrio Mexican Grill,0.1999608509505278,Shaking Seafood,0.4422134572368236,FLAMES RESTAURANT,0.6076386886233189,Dunkin Donuts,0.6260619331396725,The Mix,0.6282767740173368,Subway,0.644508254306152,My Sister's Sandwich Cafe,0.7166235214659056
56,Mystery Map,Liz LaManche,42.37937709,-71.0297468,10,CABANA GRILL,0.09101321568734463,El Palmar Restaurant,0.10328106159473,Pollos A La Brasa Beto's,0.11225624010958953,LA CHIVA RESTAURANT,0.12640449845063406,CHINESE DRAGON,0.138146130072148,Pikalo Empanadas,0.14432794019548392,Tutti Frutti,0.14432794019548392,TAQUERIA JALISCO,0.14880563086737167,Tu Metapan Restaurant,0.15079591104727605,MARIO'S RESTAURANT,0.15128827002032505
57,Play and Yay!,"Lisa Jeanne Graf, Bea Graf",42.31575228,-71.08811437,0,Dublin House of Pizza,0.33118722309125914,Prieto El Rey De Las Empanadas,0.3572784266709231,District 7 Tavern,0.5811342999413225,Popeyes,0.6164862925620573,Crown Fried Chicken,0.6782127231063853,El Dugout,0.7061365237095366,Mcdonalds,0.7077676076383222,Caramelo Bakery Cafe,0.7300089949534315,Fort Hill Bar & Grill,0.7386815262850992,Future Chefs,0.7439270829380766
58,Untitled (Tobin School),Lena McCarthy,42.33310247,-71.0983383,10,CHACHO'S PIZZA,0.13727489931365103,Milkweed,0.14383473375783926,Chilacates,0.1525210599174476,Tavern of Tales,0.1525210599174476,Green Haus Cafe,0.15418230161330812,MIKES DONUTS,0.1625262338967958,Lilly Gourmet Pasta Express,0.16704076268414528,Nachlo,0.1850810194757398,A K's Take Out & Delivery,0.21545607419154889,Cilantro Latin Kitchen,0.25159543387648287
59,Greetings from Columbia Point,Laura DeDonato Wiatt,42.31801891,-71.0431871,1,Fiskie's Cafe,0.12189625196755988,CLUB HOTEL BAR,0.47338848643430587,Marketplace Cafe & Take Away,0.47338848643430587,Columbia Park Cafe @ Santander Bank,0.525400585634797,Beacon Cafe @Univ. of Mass Boston,0.5328867161548959,Dunkin Donuts,0.5328867161548959,Hissho Sushi & Mein Bowl,0.5328867161548959,Integrated Sciences Complex Cafe,0.5328867161548959,UMass Boston Dining Commons,0.5328867161548959,Press Bar,0.5444187070726729
60,"Puzzle Me, Allston-Brighton!",Kit Collins,42.36272923,-71.1307709,5,Dunkin Donuts (209 North Harvard St.),0.017216730747473867,Starbucks Coffee,0.06659313251983588,Sloane's,0.1310784076431143,Swiss Bakers,0.18878742736955217,At Union,0.2953127337110033,WBZ Cafe,0.3191604315505042,SEC Cafe / Kitchen,0.3676803927763663,Spring Shabu-Shabu,0.4267486934713093,Star Market #4572,0.6005877606632669,Ariana Restaurant,0.6138400287924135
61,The Hidden Dragon,Kenji Chai,42.33204691,-71.08996914,2,QUALITY EATS,0.24034145761738973,Reggie Lewis Track and Athletic Center,0.25870726853516873,Ascia Foods,0.3079313180475041,Northeastern University/Cafe Crossing,0.33700478911450193,Northeastern Univ./International Village,0.357025792566838,Anshur Restauruant,0.4006561764945881,Dunkin' Donuts,0.415300887128448,Fasika Cafe,0.4533136517580488,Cilantro Latin Kitchen,0.4784231797832926,Dunkin Donuts,0.4909920097162262
62,Faces of Codman Square,K Jameel Parker,42.29122037,-71.07210351,5,McDonald's,0.0937850143944885,ORIENTAL HOUSE,0.10604503579400458,BILLY'S TEXAS B.B.Q.,0.19942362562303145,China Station Restaurant,0.19942362562303145,Taste of Eden,0.2298596178281616,Essential Herb & Juice Cafe,0.32063536245501306,Raphael's Restaurant,0.379973148861443,J. P. Roti Shop,0.38722087874402117,Kentucky Fried Chicken,0.43065349558111476,Daily Table,0.5168134217271197
63,A Message to the Future,"Julia Csekö, in collaboration with Eddie Maisonet ",42.30590172,-71.10985458,4,Third Cliff Bakery,0.09739980347204713,JP Kitchen,0.16542134510784862,Midway Cafe,0.19978300447548855,Yanes Burrito's,0.20421751439452981,JEANIE JOHNSTON PUB,0.3900869764488124,Little Cocoa Bean Co,0.402226970895031,Italian Pizza & Sub Express,0.42864803082647174,MIKES DONUT SHOP,0.46128381919714817,Juicy Greens,0.525907381948836,Monumental Market,0.5320600857878559
64,The Calling,"Julia ""Julz"" Roth and Cedric ""Vise 1"" Douglas",42.36424863,-71.03315954,1,Seabiscuit,0.05025275286311718,The Quiet Few,0.3936993832335971,Santa Fe Burrito Grill,0.4568853073207689,Dunkin Donuts,0.47558677333374993,Logan Food Market,0.5227734012389667,Starbucks,0.5227734012389667,Cunard Tavern,0.5781708649631118,Bruins Bar,0.6216145443782686,Dunkin (store 1916),0.6216145443782686,Hudson Coffee Terminal E Food Court,0.6216145443782686
65,Fight the Rise,Josie Morway,42.36395478,-71.03234707,1,Seabiscuit,0.034575558203064086,The Quiet Few,0.46110500413405975,Dunkin Donuts,0.47675063225184033,Logan Food Market,0.4862697074002979,Starbucks,0.4862697074002979,Santa Fe Burrito Grill,0.5257127379863356,Bruins Bar,0.5509919132219194,Dunkin (store 1916),0.5509919132219194,Hudson Coffee Terminal E Food Court,0.5509919132219194,Mija Cantina & Tequila Bar,0.5509919132219194
66,Allumination,Jessie Unterhalter and Katey Truhn,42.36430359,-71.13338494,4,WBZ Cafe,0.06177531226945867,Starbucks Coffee,0.24062249381875,Spring Shabu-Shabu,0.27859171513683584,Dunkin Donuts (209 North Harvard St.),0.2918826866188719,Sloane's,0.3139837651329175,Swiss Bakers,0.4264870451142985,Ariana Restaurant,0.4447643251529807,Mcdonalds,0.4447643251529807,Perillas Food,0.4447643251529807,At Union,0.4535223783658106
67,Untitled,"Jeremy “Sobek” Harrison, EYEVAN",42.30030547,-71.06022733,10,Coco Leaf,0.03392141104768696,Cibao Restaurant,0.04500047206511364,Gong Cha,0.06067777117950388,Dot Cafe,0.07627734509250601,Golden Chef,0.08259880359831757,IRIE JAMAICAN STYLE RESTAURANT,0.1026910958519311,Home Stead,0.1052206249143523,Antonio's Hi-Fi,0.11286599407672032,THE BLARNEY STONE,0.11601770524150146,Saigon Chicken House,0.13095694499428875
68,Turmoil,Jeremy “Sobek” Harrison,42.33201765,-71.0824795,4,Dahlak Restaurant,0.17846354741010426,Khadija's  Express Cafe,0.17846354741010426,Residence Inn,0.19811547868146862,Dudley Cafe,0.23027067791431408,Royal Fried Chicken,0.33593748264898404,Yummy Yummy,0.33593748264898404,Arizona B B Q,0.33642863774097453,Dunkin' Donuts,0.33642863774097453,Shanti Express,0.33896825395160934,PEKING HOUSE,0.3461294004655683
69,Untitled,Iker Muro,42.34502383,-71.06052906,10,AC Hotel by Marriot,0.11793528585318265,Capital One Cafe,0.1903486235946167,PLNT Burger,0.1903486235946167,WHOLE FOODS MARKET,0.1903486235946167,Bar Mezzana,0.22940040797220038,Fuji at Ink Block,0.2325655555992199,Yellow Door Taqueria,0.2325655555992199,Sweetgreen,0.23297392105899614,Cuppa Coffee,0.2344675028574048,Baleia,0.23529102193094503
70,Married in Boston,"Heidi Schork, Michael Evans",42.36049318,-71.05760676,10,Recreo Coffee,0.04839036869885317,Zaz Restaurant & Catering Corp.,0.04839036869885317,Koy,0.08038660197180061,The White Bull,0.08038660197180061,Alma Cantina,0.0818013892683634,Loyal Nine,0.08576123515590112,HENNESSY'S OF BOSTON,0.09241546478205018,Saus Boston,0.10138131914649498,UNION OYSTER HOUSE,0.10504310669160531,DUNKIN DONUTS',0.10611566087319618
71,Snow Day,"Heidi Schork, Mayor's Mural Crew",42.36049318,-71.05760676,10,Recreo Coffee,0.04839036869885317,Zaz Restaurant & Catering Corp.,0.04839036869885317,Koy,0.08038660197180061,The White Bull,0.08038660197180061,Alma Cantina,0.0818013892683634,Loyal Nine,0.08576123515590112,HENNESSY'S OF BOSTON,0.09241546478205018,Saus Boston,0.10138131914649498,UNION OYSTER HOUSE,0.10504310669160531,DUNKIN DONUTS',0.10611566087319618
72,Bird and Butterfly 1,"Heidi Schork, Mayor's Mural Crew",42.29217911,-71.06530213,3,Via Cannuccia,0.22615838140568914,CHARLIE'S HOUSE OF PIZZA,0.26895784794993904,DIMITRIOS HOUSE OF PIZZA,0.2946154085958762,El Barrio Mexican Grill,0.3327537151831602,Shaking Seafood,0.48168621274817247,ORIENTAL HOUSE,0.5130834371941481,BILLY'S TEXAS B.B.Q.,0.5286176646875861,China Station Restaurant,0.5286176646875861,McDonald's,0.5769188611093121,J. P. Roti Shop,0.5954767957464746
73,Bird and Butterfly 2,"Heidi Schork, Mayor's Mural Crew",42.29217911,-71.06530213,3,Via Cannuccia,0.22615838140568914,CHARLIE'S HOUSE OF PIZZA,0.26895784794993904,DIMITRIOS HOUSE OF PIZZA,0.2946154085958762,El Barrio Mexican Grill,0.3327537151831602,Shaking Seafood,0.48168621274817247,ORIENTAL HOUSE,0.5130834371941481,BILLY'S TEXAS B.B.Q.,0.5286176646875861,China Station Restaurant,0.5286176646875861,McDonald's,0.5769188611093121,J. P. Roti Shop,0.5954767957464746
74,Arnold Arboretum Tunnel Flowers,"Heidi Schork, Mayor's Mural Crew",42.29606082,-71.12023192,0,B.U.Bistro,0.30640673943902247,Dunkin' Donuts,0.34520237517123503,Round Two Pizza and Subs,0.37112599806196456,Domino's,0.42956624712574815,Mangu Dominican Bistro,0.453546659815647,Arboretum Grill,0.485474273874482,Guira and Tambora Restaurant,0.4964227464339454,Achilitos Taqueria,0.6015194699882394,FOREST HILLS PIZZA,0.7207551185130912,Brassica Kitchen & Cafe,0.7503022141703967
75,Don't Forget to Smile - Gentle Dental,"Heidi Schork, Mayor's Mural Crew",42.31444312,-71.11385762,10,Shea Butter Smoothies,0.037182004220151235,The Joint,0.0510968363928098,Tokava,0.05601667462422833,TEN TABLES,0.06107876310223357,J.P. LICKS INC.,0.18148520242747426,Chilacates,0.1882992414297625,SAME OLD PLACE INC.,0.20355661973770925,Tonino,0.2159466195516711,PURPLE CACTUS,0.2559885479515655,J-Pizzle Kitchen,0.2727479252922773
76,Flowers at Lopez Florist,"Heidi Schork, Mayor's Mural Crew",42.28442216,-71.05525182,10,Blasi's Kitchen & Bar,0.07405490625099458,Landmark Public House,0.11355982911868351,GREENHILLS BAKERY,0.13017919873051265,Molinari's,0.14501398417945854,China Sky Restaurant,0.15058968440179946,PS Gourmet Coffee,0.15188823179507052,Erie Pub,0.1539211910416001,Top Shelf Cookies,0.16790037182308037,Mcdonalds,0.23495835934471088,Lucy's American Tavern,0.24543574282912897
77,Bodega Kitty,"Heidi Schork, Mayor's Mural Crew",42.29310311,-71.12150106,3,Domino's,0.08712675946736291,Arboretum Grill,0.14408079321156952,Guira and Tambora Restaurant,0.1517827174883729,Mangu Dominican Bistro,0.3348854773976805,Dunkin' Donuts,0.5222990149522868,Round Two Pizza and Subs,0.5646386268764113,B.U.Bistro,0.5806868157758516,V!Healthy,0.7037848270577876,ROSLINDALE HOUSE OF PIZZA,0.7126559944704779,Dunkin Donuts,0.7349154670697017
78,Birch Trees,"Heidi Schork, Mayor's Mural Crew",42.28711572,-71.13007819,10,Distraction Brewing,0.031794579294168186,Midnight Morning,0.03793477934810169,Delfino Restaurant,0.05041664134574516,The Square Root,0.05177113199365101,SOPHIA'S GROTTO,0.05783298514976894,Village Sushi & Grill,0.05783298514976894,753 South,0.07911579084385506,BLUE STAR RESTAURANT,0.08364910721709447,Fornax Bread,0.11030561145482992,Shaking Seafood,0.11297760693716924
79,Butterflies and Plants 1,"Heidi Schork, Mayor's Mural Crew",42.32172287,-71.11094504,10,Mario's,0.026178170577581164,Mike & Patty's,0.10446812341226798,Blue Nile,0.1297969498503149,FOOD WALL CHINESE,0.1297969498503149,Across The Border & Vegan and Vegetarian,0.14197407189970673,Brendan Behan Pub,0.14197407189970673,MIAMI RESTAURANT,0.15391121866404625,Ethiopian Cafe,0.16630727592545763,Nicole's Jamaican Plain,0.2120412828864299,Top Mix Bar & Kitchen,0.23937063056558341
80,Butterflies and Plants 2,"Heidi Schork, Mayor's Mural Crew",42.32172287,-71.11094504,10,Mario's,0.026178170577581164,Mike & Patty's,0.10446812341226798,Blue Nile,0.1297969498503149,FOOD WALL CHINESE,0.1297969498503149,Across The Border & Vegan and Vegetarian,0.14197407189970673,Brendan Behan Pub,0.14197407189970673,MIAMI RESTAURANT,0.15391121866404625,Ethiopian Cafe,0.16630727592545763,Nicole's Jamaican Plain,0.2120412828864299,Top Mix Bar & Kitchen,0.23937063056558341
81,To Immigrants with Love: East Boston 1,"Heidi Schork, Mayor's Mural Crew",42.37182948,-71.03866397,10,Eagle Hill Cafe,0.010595791991137873,La Abundancia Bakery  Corporation,0.013486100166296694,MI RANCHO RESTAURANT,0.03635288081240073,Cafe GiGu,0.10930092480660503,LOS ARRIEROS REST,0.136706541255315,Toasted Flats,0.15498833956170116,Todo Rico Fast Food,0.18439746117870232,Nfarra 2,0.18921314374715184,Topacio Restaurant,0.19045531857375,Cactus Grill,0.19212623592897377
82,To Immigrants with Love: East Boston 2,"Heidi Schork, Mayor's Mural Crew",42.37182948,-71.03866397,10,Eagle Hill Cafe,0.010595791991137873,La Abundancia Bakery  Corporation,0.013486100166296694,MI RANCHO RESTAURANT,0.03635288081240073,Cafe GiGu,0.10930092480660503,LOS ARRIEROS REST,0.136706541255315,Toasted Flats,0.15498833956170116,Todo Rico Fast Food,0.18439746117870232,Nfarra 2,0.18921314374715184,Topacio Restaurant,0.19045531857375,Cactus Grill,0.19212623592897377
83,To Immigrants with Love: Roslindale,"Heidi Schork, Mayor's Mural Crew",42.28042176,-71.119178,3,Nicholas Sub & Pizza Shop,0.06126815876152601,Mandarin House,0.17566425869733843,La Taqueria Taco Bar & Grill,0.18231620656126718,La Lechonera Restaurant,0.317367283013879,Perla Del Sur Quintanilla,0.5113955567057427,Mcdonalds,0.5666078727612358,DUNKIN',0.6529564040403151,Popeyes,0.6721449323870098,Triple Eatery,0.6963906173731964,Flaming Grill & Buffet,0.7037642661846185
84,To Immigrants with Love: Grandmothers,"Heidi Schork, Mayor's Mural Crew",42.368314,-71.038761,10,Burger King,0.07415985660726485,Hong Kong Harbor,0.07581496333157514,Dunkin' Donuts,0.08241565590592467,EDDIE C'S,0.1082621764851631,Cunard Tavern,0.10908460309500022,La Pinata,0.15106551907734778,TACO MEX,0.1525329112246273,Deparma,0.17416297139818188,154 Station,0.19027776065439783,Santa Fe Burrito Grill,0.19649500722905275
85,Become a Big Sister,"Heidi Schork, Mayor's Mural Crew",42.31933424,-71.07754194,4,MERENGUE RESTAURANT,0.017304394352298698,Blue Hill House of Pizza,0.033797799602680145,El Rey Del Pollo Restautant,0.21149525974742125,Crown Fried Chicken,0.29844407376130627,District 7 Tavern,0.3770796242674082,Mcdonalds,0.3974416569620985,Popeyes,0.41065561497060926,BACKWOODS PIZZA,0.49327939606614685,AUNTIE VIE'S BAKERY & CAFE,0.5207640035135442,IDEAL SUB SHOP,0.5385443455813749
86,Roxbury Center for the Performing Arts,"Heidi Schork, Mayor's Mural Crew",42.28932901,-71.09012119,4,Boston Fried Chicken,0.08935941382379436,Top Griyo Restaurant,0.09524226350554986,Restaurant Y Cafeteria Los Nietos,0.19599880583754814,Nu Flav Restaurant,0.26440856902932597,BON APPETIT RESTAURANT,0.4053776445867496,Greek Pizza Restaurant,0.42494476076164495,Nick's Pizza and Seafood,0.43837041303031143,D'Buly Chimis,0.46922684206249277,CHEZ-VOUS SKATING RINK,0.4728054402672836,FLAMES RESTAURANT,0.5278094786780695
87,Ray Bolger as the Scarecrow,"Heidi Schork, Mayor's Mural Crew",42.29114784,-71.06273553,4,Via Cannuccia,0.02592342365135324,CHARLIE'S HOUSE OF PIZZA,0.04981299790832312,DIMITRIOS HOUSE OF PIZZA,0.10287686210474822,El Barrio Mexican Grill,0.1575310920546243,Shaking Seafood,0.48512324254560074,FLAMES RESTAURANT,0.565166278197425,The Mix,0.5852240950799027,Dunkin Donuts,0.6691216239912612,JOHNNY'S PIZZA & SUBS,0.677668258461183,Tavolo,0.677668258461183
88,Literary District Alley 1,"Heidi Schork, Mayor's Mural Crew",42.35532689,-71.06169309,10,Boston Chops Downtown,0.015444477387342129,Hobgoblin,0.018860111972845497,Yvonnes,0.021272771867629648,Cafe 26,0.03011832601524259,Cafe Bonjour,0.04500703041113047,Democracy Brewing,0.04737405519934141,Estella,0.05297832884810783,Starbucks Coffee # 7531,0.05794643629852908,J M Curley/Bogie's Place/Wig Shop Lounge,0.05917124610434924,George Howell Coffee,0.07390895396945663
89,Literary District Alley 2,"Heidi Schork, Mayor's Mural Crew",42.35532689,-71.06169309,10,Boston Chops Downtown,0.015444477387342129,Hobgoblin,0.018860111972845497,Yvonnes,0.021272771867629648,Cafe 26,0.03011832601524259,Cafe Bonjour,0.04500703041113047,Democracy Brewing,0.04737405519934141,Estella,0.05297832884810783,Starbucks Coffee # 7531,0.05794643629852908,J M Curley/Bogie's Place/Wig Shop Lounge,0.05917124610434924,George Howell Coffee,0.07390895396945663
90,Literary District Alley 3,"Heidi Schork, Mayor's Mural Crew",42.35532689,-71.06169309,10,Boston Chops Downtown,0.015444477387342129,Hobgoblin,0.018860111972845497,Yvonnes,0.021272771867629648,Cafe 26,0.03011832601524259,Cafe Bonjour,0.04500703041113047,Democracy Brewing,0.04737405519934141,Estella,0.05297832884810783,Starbucks Coffee # 7531,0.05794643629852908,J M Curley/Bogie's Place/Wig Shop Lounge,0.05917124610434924,George Howell Coffee,0.07390895396945663
91,Dos Montanas,"Heidi Schork, Mayor's Mural Crew",42.26700671,-71.09487464,10,Fritay Restaurant,0.022897661882576234,Kuizinn Lakay Plus,0.14996902701473303,Burger King,0.15247588117144642,Mattapan House of Pizza,0.1718947631699045,Brother Deli Restaurant,0.18468235976061345,Dunkin Donuts,0.18517858631898043,MACUMBA LATINA,0.199248929068268,Mello Vibez Restaurant,0.2064899104897225,Jamaica's Best Restaurant ,0.24315894256669227,Kwench Juice Cafe,0.29179560028165463
92,Taste of Home / Gou Lakay Mwen / Sabor de Casa 1,"Heidi Schork, Mayor's Mural Crew",42.26843977,-71.09456682,10,Mattapan House of Pizza,0.03589748875991925,Dunkin Donuts,0.03918674411742684,Brother Deli Restaurant,0.1004128430531327,Burger King,0.10345932087677759,Jamaica's Best Restaurant ,0.11157828413137715,MACUMBA LATINA,0.12769565304381317,Mello Vibez Restaurant,0.13000196116409063,Kwench Juice Cafe,0.131741771457631,Kuizinn Lakay Plus,0.14101078544312315,Fritay Restaurant,0.1522376445757477
93,Taste of Home / Gou Lakay Mwen / Sabor de Casa 2,"Heidi Schork, Mayor's Mural Crew",42.26843977,-71.09456682,10,Mattapan House of Pizza,0.03589748875991925,Dunkin Donuts,0.03918674411742684,Brother Deli Restaurant,0.1004128430531327,Burger King,0.10345932087677759,Jamaica's Best Restaurant ,0.11157828413137715,MACUMBA LATINA,0.12769565304381317,Mello Vibez Restaurant,0.13000196116409063,Kwench Juice Cafe,0.131741771457631,Kuizinn Lakay Plus,0.14101078544312315,Fritay Restaurant,0.1522376445757477
94,Taste of Home / Gou Lakay Mwen / Sabor de Casa 3,"Heidi Schork, Mayor's Mural Crew",42.26843977,-71.09456682,10,Mattapan House of Pizza,0.03589748875991925,Dunkin Donuts,0.03918674411742684,Brother Deli Restaurant,0.1004128430531327,Burger King,0.10345932087677759,Jamaica's Best Restaurant ,0.11157828413137715,MACUMBA LATINA,0.12769565304381317,Mello Vibez Restaurant,0.13000196116409063,Kwench Juice Cafe,0.131741771457631,Kuizinn Lakay Plus,0.14101078544312315,Fritay Restaurant,0.1522376445757477
95,My Brother's Keeper,"Heidi Schork, Mayor's Mural Crew",42.31845534,-71.081556,4,District 7 Tavern,0.05424711222659848,Crown Fried Chicken,0.06797393759874996,Popeyes,0.13496512394792337,Mcdonalds,0.21605612120747048,Blue Hill House of Pizza,0.31199426815404463,MERENGUE RESTAURANT,0.3398448027110751,El Rey Del Pollo Restautant,0.4430140975155162,Future Chefs,0.5110400033800266,KALIHARI GRILL,0.6619450130164335,Caramelo Bakery Cafe,0.7426666195182454
96,Animal Care and Control Lobby,"Heidi Schork, Mayor's Mural Crew",42.29508538,-71.12180324,0,Domino's,0.30792383394139905,Arboretum Grill,0.3456748082991906,Guira and Tambora Restaurant,0.36315953360829767,Mangu Dominican Bistro,0.4546348178247278,B.U.Bistro,0.4676817843293583,Dunkin' Donuts,0.47320839021520167,Round Two Pizza and Subs,0.507145916519286,HEBREW REHAB CENTER,0.7575500841387853,Hebrew Rehab Center 6th. Fl.,0.7575500841387853,Achilitos Taqueria,0.7689163176922258
97,BCLA students,"Heidi Schork, Mayor's Mural Crew",42.26325705,-71.11779272,0,D Coal Pot,0.3996766737343425,Tori Japan,0.47088583542438683,Asian Thai Eatery,0.4968765130856914,DUNKIN DONUTS(WOLCOTT SQ. LLC),0.5094879270537217,Thyme 2 Eat,0.7143537768875459,Little Haiti International Cuisine,0.7145171285197193,Dunkin Donuts,0.7470447480585617,Burger King,0.7722144844039147,THE MASTER MCGRATH,0.7820424722598195,Vikos Pizza & Ribs,0.783525723160895
98,Choice,Greg Lamarche,42.34502383,-71.06052906,10,AC Hotel by Marriot,0.11793528585318265,Capital One Cafe,0.1903486235946167,PLNT Burger,0.1903486235946167,WHOLE FOODS MARKET,0.1903486235946167,Bar Mezzana,0.22940040797220038,Fuji at Ink Block,0.2325655555992199,Yellow Door Taqueria,0.2325655555992199,Sweetgreen,0.23297392105899614,Cuppa Coffee,0.2344675028574048,Baleia,0.23529102193094503
99,Tiger Style,"Genaro ""GoFive"" Ortega, Rob ""Problak"" Gibbs, Brandalizm, Sneha ""IMAGINE"" Shrestha, Luis “Take1” Taforo",42.33129711,-71.08836793,1,Fasika Cafe,0.2975202255126154,Dunkin Donuts,0.35772365988617266,Silver Slipper,0.3624513690933923,QUALITY EATS,0.3733869500591883,Arizona B B Q,0.3867282743455781,Dunkin' Donuts,0.3867282743455781,Royal Fried Chicken,0.3887413756603937,Yummy Yummy,0.3887413756603937,Reggie Lewis Track and Athletic Center,0.39334551743608037,Dudley Cafe,0.40853484487399094
100,Mel King,"Genaro ""GoFive"" Ortega",42.33204691,-71.08996914,2,QUALITY EATS,0.24034145761738973,Reggie Lewis Track and Athletic Center,0.25870726853516873,Ascia Foods,0.3079313180475041,Northeastern University/Cafe Crossing,0.33700478911450193,Northeastern Univ./International Village,0.357025792566838,Anshur Restauruant,0.4006561764945881,Dunkin' Donuts,0.415300887128448,Fasika Cafe,0.4533136517580488,Cilantro Latin Kitchen,0.4784231797832926,Dunkin Donuts,0.4909920097162262
101,Reflect the Times,"Genaro ""GoFive"" Ortega",42.34713488,-71.06461487,10,Chinatown Cafe,0.1744771773076979,Doubletree Hotel Boston-Wisteria,0.18612449599808495,Cha Kung Fong,0.2100834804654768,Fuji at Ink Block,0.2382646360617322,Yellow Door Taqueria,0.2382646360617322,Sweetgreen,0.2431902363695299,Otto Pizza,0.25197809465792576,Shore Leave,0.25197809465792576,Tatte Bakery & Cafe,0.25197809465792576,Capital One Cafe,0.264807132145155
102,Sacred Journey,"Genaro ""GoFive"" Ortega",42.34502383,-71.06052906,10,AC Hotel by Marriot,0.11793528585318265,Capital One Cafe,0.1903486235946167,PLNT Burger,0.1903486235946167,WHOLE FOODS MARKET,0.1903486235946167,Bar Mezzana,0.22940040797220038,Fuji at Ink Block,0.2325655555992199,Yellow Door Taqueria,0.2325655555992199,Sweetgreen,0.23297392105899614,Cuppa Coffee,0.2344675028574048,Baleia,0.23529102193094503
103,Untitled,"Fernando Ayala Cuellar, Heidi Schork, Mayor's Mural Crew",42.30571643,-71.11449929,4,Little Cocoa Bean Co,0.03774276082089571,JEANIE JOHNSTON PUB,0.07232003876256012,Italian Pizza & Sub Express,0.17945068777120524,Juicy Greens,0.24260266650901155,Monumental Market,0.3063900614284645,Third Cliff Bakery,0.46676000001392554,Soup Shack,0.47917542096646787,Jamaica Plain House of Pizza,0.48272922641743926,Espresso Yourself,0.5018630163019687,Vee Vee,0.5096880325307378
104,Connected Community,"Faduma Sharifnoor, LeEr Li, Shurel Codrington, Yousra Ali, Iiman Abdirahman",42.34631465,-71.06889757,10,Blackbird Doughnuts & Sally's Sandwiches,0.042646314826721675,Rome Pizza,0.05846472496628712,Reunion BBQ,0.0681126386612793,Wink & Nod,0.07715493589875731,Bootleg Special,0.10368799654352699,Billy's Sub Shop,0.1363677217397386,BERKELEY PERK CAFE,0.15029497960630725,The Trophy Room,0.15542425226406606,Cosmica @ the Revolution Hotel,0.17022045152154627,Kohi Coffee Company,0.17022045152154627
105,Untitled,Ewok,42.34502383,-71.06052906,10,AC Hotel by Marriot,0.11793528585318265,Capital One Cafe,0.1903486235946167,PLNT Burger,0.1903486235946167,WHOLE FOODS MARKET,0.1903486235946167,Bar Mezzana,0.22940040797220038,Fuji at Ink Block,0.2325655555992199,Yellow Door Taqueria,0.2325655555992199,Sweetgreen,0.23297392105899614,Cuppa Coffee,0.2344675028574048,Baleia,0.23529102193094503
106,Untitled,"Douglas ""Hoxxoh"" Hoekzema",42.34502383,-71.06052906,10,AC Hotel by Marriot,0.11793528585318265,Capital One Cafe,0.1903486235946167,PLNT Burger,0.1903486235946167,WHOLE FOODS MARKET,0.1903486235946167,Bar Mezzana,0.22940040797220038,Fuji at Ink Block,0.2325655555992199,Yellow Door Taqueria,0.2325655555992199,Sweetgreen,0.23297392105899614,Cuppa Coffee,0.2344675028574048,Baleia,0.23529102193094503
107,Dreaming Isn’t So Concrete,Destiny Palmer,42.27521958,-71.08241346,0,Dunkin Donuts (895 Morton St.),0.5970658978052642,Pelloma Nigerian Cuisine,0.6087991022228855,Bitez,0.6138686035164598,MORTON'S PIZZERIA,0.643278954888601,CHINATOWN EXPRESS,0.8124219498147609,RIVER STREET GRILL,0.8295432711299899,Safari African Restaurant,0.939449523793452,Domino's Pizza,0.9487521965144478,Top of The Hill,0.9705795197542396,Cafe Juice Up,0.9770576982249021
108,Untitled,"David ""Don Rimx"" Sepulveda, Victor ""Marka27"" Quiñonez, and Rob ""ProBlak"" Gibbs",42.34502383,-71.06052906,10,AC Hotel by Marriot,0.11793528585318265,Capital One Cafe,0.1903486235946167,PLNT Burger,0.1903486235946167,WHOLE FOODS MARKET,0.1903486235946167,Bar Mezzana,0.22940040797220038,Fuji at Ink Block,0.2325655555992199,Yellow Door Taqueria,0.2325655555992199,Sweetgreen,0.23297392105899614,Cuppa Coffee,0.2344675028574048,Baleia,0.23529102193094503
109,Sangre Indígena,"David ""Don Rimx"" Sepulveda",42.33204691,-71.08996914,2,QUALITY EATS,0.24034145761738973,Reggie Lewis Track and Athletic Center,0.25870726853516873,Ascia Foods,0.3079313180475041,Northeastern University/Cafe Crossing,0.33700478911450193,Northeastern Univ./International Village,0.357025792566838,Anshur Restauruant,0.4006561764945881,Dunkin' Donuts,0.415300887128448,Fasika Cafe,0.4533136517580488,Cilantro Latin Kitchen,0.4784231797832926,Dunkin Donuts,0.4909920097162262
110,Powerful Knowledge,"David ""Don Rimx"" Sepulveda",42.30817969,-71.08123693,8,SUN PIZZA,0.13654676005037167,DUNKIN DONUTS BLUE HILL AVE,0.15074562642832226,New York Fried Chicken,0.1781093857241277,Love Health,0.17936886155637227,Don Tequeno Y Dona Arepa,0.1966175023893063,FLAMES RESTAURANT III  INC.,0.2016881470695367,Food For The Soul,0.22851718873379004,Yaz's House Of Pizza,0.22851718873379004,Cool Shade Restaurant,0.35116870354494367,Caramelo Bakery Cafe,0.4001341408096068
111,Untitled,Dana Woulfe,42.34502383,-71.06052906,10,AC Hotel by Marriot,0.11793528585318265,Capital One Cafe,0.1903486235946167,PLNT Burger,0.1903486235946167,WHOLE FOODS MARKET,0.1903486235946167,Bar Mezzana,0.22940040797220038,Fuji at Ink Block,0.2325655555992199,Yellow Door Taqueria,0.2325655555992199,Sweetgreen,0.23297392105899614,Cuppa Coffee,0.2344675028574048,Baleia,0.23529102193094503
112,Doujans D'al Hirhoal,Cyrille Conan,42.34225178,-71.14101853,9,PROVIDENCE HOUSE SENIOR COMM.,0.1450146597387861,Milano Pizzeria and Pasta,0.15716475551864056,Bamboo Thai Restaurant,0.17812729401469307,TASCA RESTAURANT,0.17996502583294588,La Fonda Boston,0.18423289283621377,BRIGHTON CAFE,0.2709298090598384,sultana's bakery & cafe,0.28015024216238044,Our Zone,0.2810820976396664,NEW YORK FRIED CHICKEN & PIZZA,0.2814993595171033,DOLCE VITA (1696 Comm. Ave.),0.46567178417675
113,Dino City 1,"Curtis “Curtistic"" Williams",42.33204691,-71.08996914,2,QUALITY EATS,0.24034145761738973,Reggie Lewis Track and Athletic Center,0.25870726853516873,Ascia Foods,0.3079313180475041,Northeastern University/Cafe Crossing,0.33700478911450193,Northeastern Univ./International Village,0.357025792566838,Anshur Restauruant,0.4006561764945881,Dunkin' Donuts,0.415300887128448,Fasika Cafe,0.4533136517580488,Cilantro Latin Kitchen,0.4784231797832926,Dunkin Donuts,0.4909920097162262
114,Make Your Own Path,Chris Piascik,42.27521958,-71.08241346,0,Dunkin Donuts (895 Morton St.),0.5970658978052642,Pelloma Nigerian Cuisine,0.6087991022228855,Bitez,0.6138686035164598,MORTON'S PIZZERIA,0.643278954888601,CHINATOWN EXPRESS,0.8124219498147609,RIVER STREET GRILL,0.8295432711299899,Safari African Restaurant,0.939449523793452,Domino's Pizza,0.9487521965144478,Top of The Hill,0.9705795197542396,Cafe Juice Up,0.9770576982249021
115,Untitled,Cey Adams,42.34502383,-71.06052906,10,AC Hotel by Marriot,0.11793528585318265,Capital One Cafe,0.1903486235946167,PLNT Burger,0.1903486235946167,WHOLE FOODS MARKET,0.1903486235946167,Bar Mezzana,0.22940040797220038,Fuji at Ink Block,0.2325655555992199,Yellow Door Taqueria,0.2325655555992199,Sweetgreen,0.23297392105899614,Cuppa Coffee,0.2344675028574048,Baleia,0.23529102193094503
116,Birds Eye View,"Cedric ""Vise 1"" Douglas",42.27521958,-71.08241346,0,Dunkin Donuts (895 Morton St.),0.5970658978052642,Pelloma Nigerian Cuisine,0.6087991022228855,Bitez,0.6138686035164598,MORTON'S PIZZERIA,0.643278954888601,CHINATOWN EXPRESS,0.8124219498147609,RIVER STREET GRILL,0.8295432711299899,Safari African Restaurant,0.939449523793452,Domino's Pizza,0.9487521965144478,Top of The Hill,0.9705795197542396,Cafe Juice Up,0.9770576982249021
117,Faces of Dudley: Old and New,"Caleb Neelon, Victor ""Marka27"" Quiñonez",42.32933241,-71.0851071,10,Silver Slipper,0.02164403178795398,Fasika Cafe,0.05102797190428084,Arizona B B Q,0.053447942673572855,Dunkin' Donuts,0.053447942673572855,Royal Fried Chicken,0.05544455849342567,Yummy Yummy,0.05544455849342567,Joe's Famous Subs & Pizza,0.11897391949049735,Shanti Express,0.12816774126192343,Dudley Cafe,0.14903191369832544,Ethiopian Cafe & Pizza,0.16606099685705702
118,Untitled (Tobin School),"Caleb Neelon, Sneha ""IMAGINE"" Shrestha",42.33310247,-71.0983383,10,CHACHO'S PIZZA,0.13727489931365103,Milkweed,0.14383473375783926,Chilacates,0.1525210599174476,Tavern of Tales,0.1525210599174476,Green Haus Cafe,0.15418230161330812,MIKES DONUTS,0.1625262338967958,Lilly Gourmet Pasta Express,0.16704076268414528,Nachlo,0.1850810194757398,A K's Take Out & Delivery,0.21545607419154889,Cilantro Latin Kitchen,0.25159543387648287
119,Tale of an Ancient Vase,Bryan Beyung,42.35084807,-71.06089859,10,CHINA GOURMET RESTAURANT,0.01491592679188625,Royal Tea,0.01491592679188625,Ga Ga Seafood Restaurant,0.01598123747941708,Shojo,0.024897065788330335,China Pearl Restaurant,0.02776666865348377,Shabu-Zen,0.02862863377586928,RUCKUS NOODLES,0.030773471468613436,Show Malatang,0.031618182652539024,Jade Garden Restaurant,0.03226569195784376,Tora Japanese Restaurant,0.03226569195784376
120,Hope and Resistance,Artists for Humanity,42.372059,-71.034045,8,Routin Nutrition,0.1552882511290564,CAFE NAPOLI,0.18118035407152552,Topacio Restaurant,0.1944642543407848,Pazza on Porter,0.2022301679395055,Next Door Speakeasy,0.2085472730444919,Toasted Flats,0.27027037990773073,Embassy Suites @Logan Airport,0.27060942313111747,Embassy Suites Boston Kiosk,0.27060942313111747,Eagle Hill Cafe,0.3905249619773446,La Abundancia Bakery  Corporation,0.3910016143359114
121,Love is the Question and the Answer,"Ari Hauben, Envite Design, The Scholars Brigade",42.34447506,-71.07347964,10,Black Lamb,0.11305748347785181,AQUITAINE,0.11934080293821234,Greystone Cafe  Bakery  and Provisions,0.1312693331062296,311,0.14894061054372748,MELA RESTAURANT,0.1552648060788866,METROPOLIS CAFE,0.15707510557103516,Caffe Nero,0.15746662770508346,Frenchie,0.1699676008499553,Banyan Bar & Refuge,0.17294303839245673,The Beehive,0.18370326587865057
122,Untitled,Andrew Balboa,42.34502383,-71.06052906,10,AC Hotel by Marriot,0.11793528585318265,Capital One Cafe,0.1903486235946167,PLNT Burger,0.1903486235946167,WHOLE FOODS MARKET,0.1903486235946167,Bar Mezzana,0.22940040797220038,Fuji at Ink Block,0.2325655555992199,Yellow Door Taqueria,0.2325655555992199,Sweetgreen,0.23297392105899614,Cuppa Coffee,0.2344675028574048,Baleia,0.23529102193094503
123,Strand Theatre,"Alvin ""Acóma"" Colón",42.31614771,-71.06605689,10,Singhs Roti,0.029469740517338514,Boston Pizza & Grill,0.029860137484884246,Uphams House of Pizza,0.03299542617256956,CANTON HOUSE,0.05200167783947829,NEW YORK FRIED CHICKEN & PIZZA,0.08127067774205653,DUBLIN HOUSE,0.11824213591151421,Oasis Restaurant,0.1982502625609928,New Ho Toy,0.20544417022205752,Picalonga Restaurant,0.20763326443822103,Comfort Kitchen,0.22158629373535443
124,Upham's Corner,"Alvin ""Acóma"" Colón",42.31650391,-71.06545327,10,DUBLIN HOUSE,0.05596890025307279,Uphams House of Pizza,0.05978944497872167,Singhs Roti,0.0643657772467976,Boston Pizza & Grill,0.0836620111496845,CANTON HOUSE,0.10145741967248638,NEW YORK FRIED CHICKEN & PIZZA,0.13643675480569323,Comfort Kitchen,0.15814742001928514,New Ho Toy,0.1858584284685838,Picalonga Restaurant,0.18911358984361692,Oasis Restaurant,0.23933733184405506
125,Community Grows Here,"Alex Lebron, Hamdi Hassan, Kiwi Li, Tristan Obsequio, Vivian Liang, Yasmin Ali",42.3460779,-71.06915996,10,Blackbird Doughnuts & Sally's Sandwiches,0.013869230358718277,Reunion BBQ,0.08191236948319763,Wink & Nod,0.0825422994229761,Rome Pizza,0.09210048721090199,Billy's Sub Shop,0.12495688380037083,Bootleg Special,0.13640820749831198,BERKELEY PERK CAFE,0.1426899369934258,Cosmica @ the Revolution Hotel,0.14424233647225082,Kohi Coffee Company,0.14424233647225082,REV Bar LL,0.14424233647225082
126,JUSTICE / PEACE,Alex Cook with youth from the Boston Project Ministries,42.2885192,-71.07643029,2,Stalex Pizza,0.13974945668445987,ONLY ONE JAMAICAN RESTAURANT,0.23557943248673574,Taste of Eden,0.3069673364539827,McDonald's,0.429815061723848,Fresh Food Generation,0.455322415709041,ORIENTAL HOUSE,0.5653299703452351,BILLY'S TEXAS B.B.Q.,0.634676439809573,China Station Restaurant,0.634676439809573,La La Restaurant,0.6705642620624332,Essential Herb & Juice Cafe,0.714881348563312
127,Welcome to Jackson Square,Alex Cook with local volunteers,42.32262036,-71.10017249,7,Jamaica Mi Hungry,0.1043819169568727,Yely's Coffee Shop,0.15488186024481806,Tostado,0.23848216532538188,Young Kong Restaurant,0.23848216532538188,LATINO RESTAURANT,0.2540236606010588,CAPPY'S PIZZA,0.2671066839809428,Stop & Shop Supermarket #075,0.29381966559832673,Dunkin Donuts,0.3085562876714799,Tori Japan,0.3085562876714799,RIZZO'S PIZZA,0.5168579515416393
128,You Are Loved Mural Series,Alex Cook,42.33242602,-71.06918002,4,Mcdonalds,0.13944758370592814,New England Center For Arts & Technology,0.1413801954016369,New Market Pizza & Grill,0.1564981055079806,960 Cafe,0.2935238945109229,New Market Sq. Cafe,0.3021320520825324,Dona Habana Restaurant,0.3097634503110954,HAMPTON INN & SUITES BOSTON,0.3097634503110954,DUNKIN DONUTS',0.3771182902976081,DUNKIN' DONUTS #0311,0.4372699589312338,The Shames Cafe,0.4397852579291741
129,You Are Loved / Eres Amado,Alex Cook,42.28955144,-71.0766359,1,Stalex Pizza,0.21837851560559757,ONLY ONE JAMAICAN RESTAURANT,0.3121858091466355,Taste of Eden,0.31592389623672823,Fresh Food Generation,0.34878799298462443,McDonald's,0.4039463207543423,ORIENTAL HOUSE,0.506226074573767,BILLY'S TEXAS B.B.Q.,0.5622116157369481,China Station Restaurant,0.5622116157369481,Essential Herb & Juice Cafe,0.6278414680042086,Raphael's Restaurant,0.674008663734067
130,Love Forest,Alex Cook,42.33761246,-71.08246503,10,Slade's Bar & Grill,0.10272150234659018,Subway,0.1617666907536495,Bakalao Kitchenette  Inc.,0.19371606049120674,NORTHEASTERN UNIV-716 COLUMBUS,0.2208441520826864,Northeastern University Faculty Club,0.2208441520826864,MIDA Restaurant,0.22213190235261804,Darryl's Corner Bar and Kitchen,0.2374612256117303,Ilona,0.24308777997847003,The Underground Cafe & Lounge,0.2600033177219788,Jugos,0.2750745884372063
131,Joy Tree,Alex Cook,42.28630339,-71.12993002,10,Fornax Bread,0.019490102219438022,SOPHIA'S GROTTO,0.0384329261933697,Village Sushi & Grill,0.0384329261933697,BLUE STAR RESTAURANT,0.04295388264297133,Midnight Morning,0.05365408854816728,The Square Root,0.06466301364655398,Distraction Brewing,0.06927052931295147,Shaking Seafood,0.07843664208460421,Effie's Kitchen,0.07852779817256565,Imperial Kitchen,0.08054312225563202
132,Animal Pile,Alex Cook,42.29267932,-71.12244245,3,Arboretum Grill,0.07439082635137911,Domino's,0.08369327786988477,Guira and Tambora Restaurant,0.09758507070945883,Mangu Dominican Bistro,0.40639031398831377,Dunkin' Donuts,0.6130910952460248,V!Healthy,0.622157980284458,ROSLINDALE HOUSE OF PIZZA,0.6309648521315749,Dunkin Donuts,0.6507056872505256,Round Two Pizza and Subs,0.6554051550957671,B.U.Bistro,0.6684859419699755
133,2 Giants,Alex Cook,42.33577119,-71.0354171,10,Annie's Bakery & Cafe,0.04040456122040187,Starbucks Coffee,0.04353271356292494,The Broadway Restaurant,0.05336321376609539,Village Pizza & Grill,0.061172256415115485,Chilacates,0.06195964287188315,Dunkin Donuts,0.07280783993358281,PAN ASIA RESTAURANT,0.09447126316825273,Petula's,0.1266139309923066,Roza Lyons,0.13621274017140372,Deja - Brew,0.15019027454744258
134,The Beloved Community,Alex Cook,42.31808526,-71.0701692,3,Ray & Joan Krok Community Center,0.1426937529331434,Picalonga Restaurant,0.29282135370336093,New Ho Toy,0.29709950633146276,Singhs Roti,0.3765800523152416,Uphams House of Pizza,0.3772239150570214,Boston Pizza & Grill,0.4205747661790674,AUNTIE VIE'S BAKERY & CAFE,0.42484031852964016,CANTON HOUSE,0.4358020389675437,NEW YORK FRIED CHICKEN & PIZZA,0.43663989881105864,BACKWOODS PIZZA,0.4494903970732897
135,Love Your Neighbor,Alex Cook,42.28837763,-71.07682666,2,Stalex Pizza,0.10417944485869889,ONLY ONE JAMAICAN RESTAURANT,0.2006118004763939,Taste of Eden,0.3426538455111781,Fresh Food Generation,0.45495857202674045,McDonald's,0.46603633674902645,ORIENTAL HOUSE,0.5998266951148465,BILLY'S TEXAS B.B.Q.,0.6675676341177823,China Station Restaurant,0.6675676341177823,La La Restaurant,0.6796836116191439,Essential Herb & Juice Cafe,0.7450389207560711
136,Beholding the Holy City (Father and Daughter Emerging from the Forest),Alex Cook,42.28828968,-71.07709873,2,Stalex Pizza,0.08083220438537085,ONLY ONE JAMAICAN RESTAURANT,0.17763836539395422,Taste of Eden,0.3669254182866244,Fresh Food Generation,0.45542317070535426,McDonald's,0.4904143325331225,ORIENTAL HOUSE,0.6229308021110941,La La Restaurant,0.6877234729213495,BILLY'S TEXAS B.B.Q.,0.6895661983950055,China Station Restaurant,0.6895661983950055,Essential Herb & Juice Cafe,0.7651808986234943
137,Starr Lane Landscape,Alex Cook,42.31314037,-71.11411953,10,J.P. LICKS INC.,0.03965688977564055,Chilacates,0.04817767211103407,SAME OLD PLACE INC.,0.061513777468339984,Tonino,0.07005284390562631,PURPLE CACTUS,0.11203310900627614,Shea Butter Smoothies,0.13505951116045659,Sweet Rice,0.15381058708043605,Galway House,0.17461578070087866,The Joint,0.18260487541637754,Flavor Boom,0.18381905265319942
138,Untitled,Alex Cook,42.29001046,-71.07489886,2,Taste of Eden,0.1916801720167593,McDonald's,0.25330344320505205,Stalex Pizza,0.34428320836873066,ORIENTAL HOUSE,0.3605479878168983,Fresh Food Generation,0.41613311370419415,BILLY'S TEXAS B.B.Q.,0.4264562476164087,China Station Restaurant,0.4264562476164087,ONLY ONE JAMAICAN RESTAURANT,0.441143186792564,Essential Herb & Juice Cafe,0.5091353029883583,Raphael's Restaurant,0.5608909913009391
139,She Sees More Than The World Will Show Her,Alex Cook,42.3358503,-71.08057178,3,Pizzatalia,0.05453435819142653,Residence Inn,0.26922276373078174,Slade's Bar & Grill,0.295854926593231,Dunkin Donuts,0.3002639524681109,Bakalao Kitchenette  Inc.,0.345910119556702,MIDA Restaurant,0.3487439075353899,Yunnan Kitchen,0.35301142093239646,Subway,0.35502870190681474,Jugos,0.3833503360541626,Ilona,0.3877528700213553
140,Unity,Alex Cook,42.32407125,-71.1011838,9,Yely's Coffee Shop,0.16091716768268882,Stop & Shop Supermarket #075,0.16214885175562269,Jamaica Mi Hungry,0.20457327296289027,Tostado,0.2128570178256445,Young Kong Restaurant,0.2128570178256445,LATINO RESTAURANT,0.22635382013139202,CAPPY'S PIZZA,0.23784665538095345,Dunkin Donuts,0.25111284938556583,Tori Japan,0.25111284938556583,RIZZO'S PIZZA,0.4578719233848853
